{
  "T": 40,
  "max_bars": 256,
  "real_dir": "data/real_dir",
  "gen_dir": "data/gen_dir",
  "SE": 0.027172112301500944,
  "L_real": [
    0.615581263533208,
    0.672922987522318,
    0.5692777133162317,
    0.726012682589396,
    0.551696637400596,
    0.6380409045844145,
    0.5639019858061355,
    0.7278877393868282,
    0.5675497269724568,
    0.6284311568811072,
    0.5411239412147247,
    0.6477347297086712,
    0.5389001731449008,
    0.6119336249680306,
    0.5527146923380414,
    0.6669546143119298,
    0.555847913441252,
    0.6155312509566481,
    0.5296769833662559,
    0.6182573000996159,
    0.5321563769849258,
    0.5974273060071755,
    0.5327160593706979,
    0.6296631400379015,
    0.5509490542091835,
    0.5991014602130343,
    0.5252630274210269,
    0.5901802847874102,
    0.5212573403249529,
    0.5792496357377429,
    0.5252992289439833,
    0.6100241189403369,
    0.5358776843621447,
    0.5858668366809061,
    0.514719569095107,
    0.5830047755708976,
    0.5055209908578547,
    0.5590882900387271,
    0.5129572852765502,
    0.5755109534904311
  ],
  "L_gen": [
    0.6505389052136962,
    0.6354010575842183,
    0.5842302817601865,
    0.7062957639767045,
    0.5631967623766279,
    0.5761748790514598,
    0.5523953252813473,
    0.6843023557493532,
    0.5562775701115079,
    0.5652092815078102,
    0.5451765736200588,
    0.6373209085965158,
    0.5493594527386823,
    0.5456725620504653,
    0.5377817143791047,
    0.6361296197108417,
    0.5574218873777184,
    0.5590725142619146,
    0.5446551375580622,
    0.6352895013820695,
    0.5449945925930686,
    0.5561438472103435,
    0.5501656410414966,
    0.6581301797072304,
    0.564713061466517,
    0.5534841007633756,
    0.5452297839617294,
    0.6331279706511344,
    0.543747957154727,
    0.5444372777884712,
    0.5411378426767125,
    0.6451727826724604,
    0.5489588507866857,
    0.5591974159692976,
    0.5328626862901202,
    0.623116658381461,
    0.5403031823777846,
    0.5572293179568066,
    0.5361793018313658,
    0.6368132008766063
  ]
}