checkpoint,step,context_length,perplexity
checkpoint-2000,2000,4096,2.286296276454267
checkpoint-14000,14000,4096,1.5760343336869673
checkpoint-26000,26000,4096,1.5050297755619926
checkpoint-38000,38000,4096,1.480816484829172
checkpoint-50000,50000,4096,1.520273865710777
checkpoint-65080-last,65080,4096,1.6424242304525885
